{"R": 122.52929819335938, "G": 114.3033806125217, "B": 101.40020563693577}